,feat,cat,class,classcat,score,nx,ncx,nc
0,ejer0B,A,obesity,1,-0.5821686725978958,361,50,213
1,ejer0B,B,obesity,1,0.2981900500501961,578,163,213
2,ejer1B,A,obesity,1,-0.46985683984809784,399,61,213
3,ejer1B,B,obesity,1,0.29586746026125005,540,152,213
4,ejer5B,A,obesity,1,-0.18069356953064453,482,94,213
5,ejer5B,B,obesity,1,0.19050051788885666,457,119,213
6,ejer10B,A,obesity,1,-0.003852931690812166,512,115,213
7,ejer10B,B,obesity,1,0.025036078161324832,427,98,213
